{"cameraMode":{"drawMode":0,"name":"Shaded","section":"Shading Mode"},"sceneLighting":false,"audioPlay":false,"sceneViewState":{"showFog":true,"showMaterialUpdate":false,"showSkybox":true,"showFlares":true,"showImageEffects":true,"showParticleSystems":true},"in2DMode":false,"pivot":{"x":10.208023071289063,"y":5.488824844360352,"z":15.832340240478516},"rotation":{"x":-0.06030336022377014,"y":0.9337742328643799,"z":-0.18910139799118043,"w":-0.2977749705314636},"size":2.8578829765319826,"orthographic":false}